date,value,cidade,mes
2017-06-22,9.89,Braga,6
2017-06-23,8.95,Braga,6
2017-06-24,8.88,Braga,6
2017-06-25,8.7,Braga,6
2017-06-26,8.65,Braga,6
2017-06-27,8.74,Braga,6
2017-06-28,8.68,Braga,6
2017-06-29,7.03,Braga,6
2017-06-30,7.35,Braga,6
2017-07-01,9.11,Braga,7
2017-07-02,9.32,Braga,7
2017-07-03,9.79,Braga,7
2017-07-04,9.37,Braga,7
2017-07-05,8.45,Braga,7
2017-07-06,7.66,Braga,7
2017-07-07,8.07,Braga,7
2017-07-08,9.55,Braga,7
2017-07-09,8.64,Braga,7
2017-07-10,8.78,Braga,7
2017-07-11,9.25,Braga,7
2017-07-12,9.41,Braga,7
2017-07-13,9.44,Braga,7
2017-07-14,8.77,Braga,7
2017-07-15,8.79,Braga,7
2017-07-16,8.82,Braga,7
2017-07-17,8.7,Braga,7
2017-07-18,8.27,Braga,7
2017-07-19,8.29,Braga,7
2017-07-20,7.9,Braga,7
2017-07-21,8.25,Braga,7
2017-07-22,8.33,Braga,7
2017-07-23,8.41,Braga,7
2017-08-01,7.87,Braga,8
2017-08-02,9.01,Braga,8
2017-08-03,8.73,Braga,8
2017-08-04,8.96,Braga,8
2017-08-05,8.44,Braga,8
2017-08-06,8.05,Braga,8
2017-08-07,7.97,Braga,8
2017-08-08,7.5,Braga,8
2017-08-09,7.32,Braga,8
2017-08-10,7.5,Braga,8
2017-08-11,7.91,Braga,8
2017-08-12,8.3,Braga,8
2017-08-13,8.11,Braga,8
2017-08-14,7.93,Braga,8
2017-08-15,7.51,Braga,8
2017-08-16,8.16,Braga,8
2017-08-17,8.08,Braga,8
2017-08-18,8.15,Braga,8
2017-08-19,8.11,Braga,8
2017-08-20,8.28,Braga,8
2017-08-21,8.08,Braga,8
2017-08-22,7.67,Braga,8
2017-08-23,7.45,Braga,8
2017-08-24,7.16,Braga,8
2017-08-25,7.43,Braga,8
2017-08-26,7.02,Braga,8
2017-08-27,6.73,Braga,8
2017-08-28,6.48,Braga,8
2017-08-29,6.86,Braga,8
2017-08-30,6.44,Braga,8
2017-08-31,6.71,Braga,8
2017-09-01,6.48,Braga,9
2017-09-02,6.7,Braga,9
2017-09-03,6.99,Braga,9
2017-09-04,7.04,Braga,9
2017-09-05,6.87,Braga,9
2017-09-06,6.46,Braga,9
2017-09-07,6.8,Braga,9
2017-09-08,6.32,Braga,9
2017-09-09,6.18,Braga,9
2017-09-10,6.7,Braga,9
2017-09-11,6.04,Braga,9
2017-09-12,6.09,Braga,9
2017-09-13,6.15,Braga,9
2017-09-14,6.08,Braga,9
2017-09-15,5.35,Braga,9
2017-09-16,5.06,Braga,9
2017-09-17,5.55,Braga,9
2017-09-18,5.28,Braga,9
2017-09-19,5.48,Braga,9
2017-09-28,5.14,Braga,9
2017-09-29,4.97,Braga,9
2017-09-30,5.11,Braga,9
2017-10-01,5.29,Braga,10
2017-10-02,5.41,Braga,10
2017-10-03,5.06,Braga,10
2017-10-04,5.09,Braga,10
2017-10-05,4.78,Braga,10
2017-10-06,5.18,Braga,10
2017-10-07,4.94,Braga,10
2017-10-08,4.58,Braga,10
2017-10-09,4.34,Braga,10
2017-10-10,4.35,Braga,10
2017-10-11,4.17,Braga,10
2017-10-12,4.14,Braga,10
2017-10-13,4.16,Braga,10
2017-10-14,4.02,Braga,10
2017-10-15,3.95,Braga,10
2017-10-16,3.64,Braga,10
2017-10-17,3.34,Braga,10
2017-10-18,3.05,Braga,10
2017-10-19,3.48,Braga,10
2017-10-20,3.51,Braga,10
2017-10-21,3.02,Braga,10
2017-10-22,3.29,Braga,10
2017-10-23,3.41,Braga,10
2017-10-24,3.21,Braga,10
2017-10-25,3.2,Braga,10
2017-10-26,3.24,Braga,10
2017-10-27,3.21,Braga,10
2017-10-28,3.12,Braga,10
2017-10-29,3.01,Braga,10
2017-10-30,2.86,Braga,10
2017-10-31,2.72,Braga,10
2017-11-01,2.67,Braga,11
2017-11-02,2.41,Braga,11
2017-11-03,2.06,Braga,11
2017-11-04,2.16,Braga,11
2017-11-05,2.12,Braga,11
2017-11-06,2.3,Braga,11
2017-11-07,2.34,Braga,11
2017-11-08,2.03,Braga,11
2017-11-09,1.98,Braga,11
2017-11-10,2.14,Braga,11
2017-11-11,2.21,Braga,11
2017-11-12,2.06,Braga,11
2017-11-13,2.15,Braga,11
2017-11-14,2.08,Braga,11
2017-11-15,1.99,Braga,11
2017-11-16,2.01,Braga,11
2017-11-17,1.9,Braga,11
2017-11-18,1.83,Braga,11
2017-11-19,1.84,Braga,11
2017-11-20,1.87,Braga,11
2017-11-21,1.84,Braga,11
2017-11-22,1.58,Braga,11
2017-11-23,1.83,Braga,11
2017-11-24,1.74,Braga,11
2017-11-25,1.49,Braga,11
2017-11-26,1.51,Braga,11
2017-11-27,1.53,Braga,11
2017-11-29,1.53,Braga,11
2017-11-30,1.54,Braga,11
2017-12-01,1.32,Braga,12
2017-12-02,1.27,Braga,12
2017-12-03,1.43,Braga,12
2017-12-04,1.5,Braga,12
2017-12-05,1.45,Braga,12
2017-12-06,1.46,Braga,12
2017-12-07,1.49,Braga,12
2017-12-08,1.38,Braga,12
2017-12-09,1.21,Braga,12
2017-12-10,1.37,Braga,12
2017-12-11,1.18,Braga,12
2017-12-12,1.43,Braga,12
2017-12-13,1.58,Braga,12
2017-12-14,1.34,Braga,12
2017-12-15,1.21,Braga,12
2017-12-16,1.23,Braga,12
2017-12-17,1.27,Braga,12
2017-12-18,1.26,Braga,12
2017-12-19,1.29,Braga,12
2017-12-20,1.35,Braga,12
2017-12-21,1.3,Braga,12
2017-12-22,1.31,Braga,12
2017-12-23,1.22,Braga,12
2017-12-24,1.13,Braga,12
2017-12-25,1.2,Braga,12
2017-12-26,1.17,Braga,12
2017-12-27,1.23,Braga,12
2017-12-28,1.25,Braga,12
2017-12-29,1.25,Braga,12
2017-12-30,1.29,Braga,12
2017-12-31,1.18,Braga,12
2018-01-01,1.22,Braga,1
2018-01-02,1.3,Braga,1
2018-01-03,1.32,Braga,1
2018-01-04,1.32,Braga,1
2018-01-05,1.12,Braga,1
2018-01-06,0.99,Braga,1
2018-01-07,1.05,Braga,1
2018-01-08,1.16,Braga,1
2018-01-09,1.24,Braga,1
2018-01-10,1.19,Braga,1
2018-01-11,1.29,Braga,1
2018-01-12,1.32,Braga,1
2018-01-13,1.12,Braga,1
2018-01-14,1.04,Braga,1
2018-01-15,1.47,Braga,1
2018-01-16,1.58,Braga,1
2018-01-17,1.52,Braga,1
2018-01-18,1.52,Braga,1
2018-01-19,1.47,Braga,1
2018-01-22,1.7,Braga,1
2018-01-23,1.67,Braga,1
2018-01-24,1.61,Braga,1
2018-01-25,1.37,Braga,1
2018-01-26,1.44,Braga,1
2018-01-27,1.58,Braga,1
2018-01-28,1.69,Braga,1
2018-01-29,1.73,Braga,1
2018-01-30,1.77,Braga,1
2018-01-31,1.74,Braga,1
2018-02-01,1.54,Braga,2
2018-02-02,1.7,Braga,2
2018-02-03,1.71,Braga,2
2018-02-04,1.52,Braga,2
2018-02-05,1.61,Braga,2
2018-02-06,1.76,Braga,2
2018-02-07,1.62,Braga,2
2018-02-08,1.77,Braga,2
2018-02-09,1.83,Braga,2
2018-02-10,2.07,Braga,2
2018-02-11,2.06,Braga,2
2018-02-12,1.9,Braga,2
2018-02-13,2.02,Braga,2
2018-02-14,2.38,Braga,2
2018-02-15,2.36,Braga,2
2018-02-16,2.24,Braga,2
2018-02-17,2.15,Braga,2
2018-02-18,2.17,Braga,2
2018-02-19,2.4,Braga,2
2018-02-20,2.71,Braga,2
2018-02-21,2.56,Braga,2
2018-02-22,2.91,Braga,2
2018-02-23,2.84,Braga,2
2018-02-24,2.79,Braga,2
2018-02-25,2.76,Braga,2
2018-02-26,3.14,Braga,2
2018-02-27,3.26,Braga,2
2018-02-28,2.81,Braga,2
2018-03-01,2.98,Braga,3
2018-03-02,3.09,Braga,3
2018-03-03,2.86,Braga,3
2018-03-04,2.71,Braga,3
2018-03-05,2.46,Braga,3
2018-03-06,2.55,Braga,3
2018-03-07,2.88,Braga,3
2018-03-08,3.4,Braga,3
2018-03-09,3.26,Braga,3
2018-03-10,2.99,Braga,3
2018-03-11,3.07,Braga,3
2018-03-12,3.81,Braga,3
2018-03-13,3.48,Braga,3
2018-03-14,3.17,Braga,3
2018-03-15,3.23,Braga,3
2018-03-16,3.14,Braga,3
2018-03-17,3.43,Braga,3
2018-03-18,3.33,Braga,3
2018-03-19,3.65,Braga,3
2018-03-20,3.36,Braga,3
2018-03-21,3.57,Braga,3
2018-03-22,4.09,Braga,3
2018-03-23,4.18,Braga,3
2018-03-24,4.06,Braga,3
2018-03-25,4.01,Braga,3
2018-03-26,4.46,Braga,3
2018-03-27,5.13,Braga,3
2018-03-28,5.58,Braga,3
2018-03-29,4.44,Braga,3
2018-03-30,3.88,Braga,3
2018-03-31,4.64,Braga,3
2018-04-01,5.33,Braga,4
2018-04-02,4.92,Braga,4
2018-04-03,4.48,Braga,4
2018-04-04,4.64,Braga,4
2018-04-05,5.27,Braga,4
2018-04-06,4.69,Braga,4
2018-04-07,4.13,Braga,4
2018-04-08,5.28,Braga,4
2018-04-09,4.98,Braga,4
2018-04-10,4.14,Braga,4
2018-04-11,5.0,Braga,4
2018-04-12,5.36,Braga,4
2018-04-13,5.18,Braga,4
2018-04-14,6.1,Braga,4
2018-04-15,6.15,Braga,4
2018-04-16,6.55,Braga,4
2018-04-17,6.6,Braga,4
2018-04-18,6.88,Braga,4
2018-04-19,6.87,Braga,4
2018-04-20,6.49,Braga,4
2018-04-21,6.63,Braga,4
2018-04-22,6.29,Braga,4
2018-04-23,6.38,Braga,4
2018-04-24,7.41,Braga,4
2018-04-25,7.63,Braga,4
2018-04-26,7.46,Braga,4
2018-04-27,6.68,Braga,4
2018-04-28,5.85,Braga,4
2018-04-29,5.67,Braga,4
2018-04-30,5.29,Braga,4
2018-05-01,6.25,Braga,5
2018-05-02,6.68,Braga,5
2018-05-03,6.71,Braga,5
2018-05-04,6.4,Braga,5
2018-05-05,7.04,Braga,5
2018-05-06,7.06,Braga,5
2018-05-07,7.15,Braga,5
2018-05-08,7.29,Braga,5
2018-05-09,7.88,Braga,5
2018-05-10,7.0,Braga,5
2018-05-11,8.16,Braga,5
2018-05-12,5.75,Braga,5
2018-05-13,6.61,Braga,5
2018-05-14,6.95,Braga,5
2018-05-15,6.78,Braga,5
2018-05-16,7.46,Braga,5
2018-05-17,7.0,Braga,5
2018-05-18,6.96,Braga,5
2018-05-19,7.23,Braga,5
2018-05-20,6.9,Braga,5
2018-05-21,7.44,Braga,5
2018-05-22,7.32,Braga,5
2018-05-23,7.5,Braga,5
2018-05-24,7.51,Braga,5
2018-05-25,7.78,Braga,5
2018-05-26,7.6,Braga,5
2018-05-27,7.76,Braga,5
2018-05-28,7.53,Braga,5
2018-05-29,7.85,Braga,5
2018-05-30,8.4,Braga,5
2018-05-31,8.4,Braga,5
2018-06-01,7.41,Braga,6
2018-06-02,8.57,Braga,6
2018-06-03,7.91,Braga,6
2018-06-04,7.59,Braga,6
2018-06-05,7.84,Braga,6
2018-06-06,8.4,Braga,6
2018-06-07,8.12,Braga,6
2018-06-08,7.37,Braga,6
2018-06-09,7.59,Braga,6
2018-06-10,7.51,Braga,6
2018-06-11,8.48,Braga,6
2018-06-12,8.2,Braga,6
2018-06-13,8.65,Braga,6
2018-06-14,9.42,Braga,6
2018-06-15,9.52,Braga,6
2018-06-16,8.8,Braga,6
2018-06-17,8.97,Braga,6
2018-06-18,9.07,Braga,6
2018-06-19,9.05,Braga,6
2018-06-20,8.56,Braga,6
2018-06-21,8.91,Braga,6
2018-06-22,9.19,Braga,6
2018-06-23,9.31,Braga,6
2018-06-24,9.33,Braga,6
2018-06-25,9.13,Braga,6
2018-06-26,8.75,Braga,6
2018-06-27,8.85,Braga,6
2018-06-28,8.92,Braga,6
2018-06-29,7.96,Braga,6
2018-06-30,7.86,Braga,6
2018-07-01,8.1,Braga,7
2018-07-02,8.21,Braga,7
2018-07-03,8.26,Braga,7
2018-07-04,7.92,Braga,7
2018-07-05,8.34,Braga,7
2018-07-06,8.14,Braga,7
2018-07-07,8.38,Braga,7
2018-07-08,8.92,Braga,7
2018-07-09,9.99,Braga,7
2018-07-10,9.18,Braga,7
2018-07-11,8.29,Braga,7
2018-07-12,8.31,Braga,7
2018-07-13,8.21,Braga,7
2018-07-14,8.05,Braga,7
2018-07-15,7.6,Braga,7
2018-07-16,8.7,Braga,7
2018-07-17,8.73,Braga,7
2018-07-18,8.3,Braga,7
2018-07-19,7.66,Braga,7
2018-07-20,7.69,Braga,7
2018-07-21,8.23,Braga,7
2018-07-22,8.4,Braga,7
2018-07-23,8.7,Braga,7
2018-07-24,8.53,Braga,7
2018-07-25,9.06,Braga,7
2018-07-26,8.32,Braga,7
2018-07-27,8.72,Braga,7
2018-07-28,8.57,Braga,7
2018-07-29,8.31,Braga,7
2018-07-30,8.64,Braga,7
2018-07-31,8.39,Braga,7
2018-08-01,8.81,Braga,8
2018-08-02,9.0,Braga,8
2018-08-03,9.09,Braga,8
2018-08-04,8.93,Braga,8
2018-08-05,9.13,Braga,8
2018-08-06,8.66,Braga,8
2018-08-07,7.74,Braga,8
2018-08-08,8.38,Braga,8
2018-08-09,7.27,Braga,8
2018-08-10,7.47,Braga,8
2018-08-11,7.99,Braga,8
2018-08-12,8.19,Braga,8
2018-08-13,8.68,Braga,8
2018-08-14,8.09,Braga,8
2018-08-15,7.88,Braga,8
2018-08-16,7.52,Braga,8
2018-08-17,7.44,Braga,8
2018-08-18,7.72,Braga,8
2018-08-19,7.57,Braga,8
2018-08-20,7.43,Braga,8
2018-08-21,7.59,Braga,8
2018-08-22,7.22,Braga,8
2018-08-23,7.2,Braga,8
2018-08-24,7.28,Braga,8
2018-08-25,7.27,Braga,8
2018-08-26,7.41,Braga,8
2018-08-27,6.69,Braga,8
2018-08-28,6.97,Braga,8
2018-08-29,6.76,Braga,8
2018-08-30,7.15,Braga,8
2018-08-31,7.06,Braga,8
2018-09-01,6.85,Braga,9
2018-09-02,6.6,Braga,9
2018-09-03,6.71,Braga,9
2018-09-04,6.97,Braga,9
2018-09-05,6.29,Braga,9
2018-09-06,6.33,Braga,9
2018-09-07,6.09,Braga,9
2018-09-08,6.01,Braga,9
2018-09-09,6.31,Braga,9
2018-09-10,6.49,Braga,9
2018-09-11,6.4,Braga,9
2018-09-12,6.78,Braga,9
2018-09-13,6.81,Braga,9
2018-09-14,6.55,Braga,9
2018-09-15,6.23,Braga,9
2018-09-16,6.12,Braga,9
2018-09-17,5.98,Braga,9
2018-09-18,5.79,Braga,9
2018-09-19,5.68,Braga,9
2018-09-20,5.85,Braga,9
2018-09-21,6.19,Braga,9
2018-09-22,6.19,Braga,9
2018-09-23,6.14,Braga,9
2018-09-24,6.34,Braga,9
2018-09-25,5.55,Braga,9
2018-09-26,5.4,Braga,9
2018-09-27,5.31,Braga,9
2018-09-28,5.64,Braga,9
2018-09-29,5.47,Braga,9
2018-09-30,5.24,Braga,9
2018-10-01,4.91,Braga,10
2018-10-02,4.87,Braga,10
2018-10-03,4.82,Braga,10
2018-10-04,4.73,Braga,10
2018-10-05,4.52,Braga,10
2018-10-06,4.35,Braga,10
2018-10-07,4.24,Braga,10
2018-10-08,4.05,Braga,10
2018-10-09,3.86,Braga,10
2018-10-10,3.88,Braga,10
2018-10-11,3.45,Braga,10
2018-10-12,3.78,Braga,10
2018-10-13,4.02,Braga,10
2018-10-14,3.97,Braga,10
2018-10-15,3.75,Braga,10
2018-10-16,3.68,Braga,10
2018-10-17,3.75,Braga,10
2018-10-18,3.44,Braga,10
2018-10-19,3.41,Braga,10
2018-10-20,3.26,Braga,10
2018-10-21,3.21,Braga,10
2018-10-22,3.34,Braga,10
2018-10-23,3.45,Braga,10
2018-10-24,3.34,Braga,10
2018-10-25,3.25,Braga,10
2018-10-26,2.82,Braga,10
2018-10-27,2.44,Braga,10
2018-10-28,2.24,Braga,10
2018-10-29,2.45,Braga,10
2018-10-30,2.15,Braga,10
2018-10-31,2.26,Braga,10
2018-11-01,2.57,Braga,11
2018-11-02,2.63,Braga,11
2018-11-03,2.64,Braga,11
2018-11-04,2.31,Braga,11
2018-11-05,2.03,Braga,11
2018-11-06,2.27,Braga,11
2018-11-07,2.11,Braga,11
2018-11-08,1.83,Braga,11
2018-11-09,2.16,Braga,11
2018-11-10,2.12,Braga,11
2018-11-11,2.01,Braga,11
2018-11-12,1.72,Braga,11
2018-11-13,1.97,Braga,11
2018-11-14,1.92,Braga,11
2018-11-15,1.96,Braga,11
2018-11-16,1.82,Braga,11
2018-11-17,1.84,Braga,11
2018-11-18,1.73,Braga,11
2018-11-19,1.58,Braga,11
2018-11-20,1.48,Braga,11
2018-11-21,1.44,Braga,11
2018-11-22,1.42,Braga,11
2018-11-23,1.45,Braga,11
2018-11-24,1.47,Braga,11
2018-11-25,1.59,Braga,11
2018-11-26,1.48,Braga,11
2018-11-27,1.57,Braga,11
2018-11-28,1.59,Braga,11
2018-11-29,1.43,Braga,11
2018-11-30,1.41,Braga,11
2018-12-01,1.49,Braga,12
2018-12-02,1.56,Braga,12
2018-12-03,1.63,Braga,12
2018-12-04,1.59,Braga,12
2018-12-05,1.49,Braga,12
2018-12-06,1.37,Braga,12
2018-12-07,1.42,Braga,12
2018-12-08,1.45,Braga,12
2018-12-09,1.41,Braga,12
2018-12-10,1.38,Braga,12
2018-12-11,1.41,Braga,12
2018-12-12,1.45,Braga,12
2018-12-13,1.11,Braga,12
2018-12-14,1.42,Braga,12
2018-12-15,1.39,Braga,12
2018-12-16,1.19,Braga,12
2018-12-17,1.23,Braga,12
2018-12-18,1.21,Braga,12
2018-12-19,1.15,Braga,12
2018-12-20,1.25,Braga,12
2018-12-21,1.34,Braga,12
2018-12-22,1.28,Braga,12
2018-12-23,1.28,Braga,12
2018-12-24,1.27,Braga,12
2018-12-25,1.21,Braga,12
2018-12-26,1.13,Braga,12
2018-12-27,1.14,Braga,12
2018-12-28,1.32,Braga,12
2018-12-29,1.31,Braga,12
2018-12-30,1.3,Braga,12
2018-12-31,1.35,Braga,12
2019-01-01,1.36,Braga,1
2019-01-02,1.39,Braga,1
2019-01-03,1.26,Braga,1
2019-01-04,1.22,Braga,1
2019-01-05,1.3,Braga,1
2019-01-06,1.33,Braga,1
2019-01-07,1.31,Braga,1
2019-01-08,1.28,Braga,1
2019-01-09,1.36,Braga,1
2019-01-10,1.5,Braga,1
2019-01-11,1.49,Braga,1
2019-01-12,1.46,Braga,1
2019-01-13,1.51,Braga,1
2019-01-14,1.62,Braga,1
2019-01-15,1.65,Braga,1
2019-01-16,1.72,Braga,1
2019-01-17,1.45,Braga,1
2019-01-18,1.54,Braga,1
2019-01-19,1.56,Braga,1
2019-01-20,1.54,Braga,1
2019-01-21,1.65,Braga,1
2019-01-22,1.48,Braga,1
2019-01-23,1.52,Braga,1
2019-01-24,1.62,Braga,1
2019-01-25,1.84,Braga,1
2019-01-26,1.88,Braga,1
2019-01-27,1.95,Braga,1
2019-01-28,2.03,Braga,1
2019-01-29,1.99,Braga,1
2019-01-30,2.14,Braga,1
2019-01-31,2.13,Braga,1
2019-02-01,1.71,Braga,2
2019-02-02,2.18,Braga,2
2019-02-03,2.44,Braga,2
2019-02-04,2.48,Braga,2
2019-02-05,2.38,Braga,2
2019-02-06,2.32,Braga,2
2019-02-07,1.82,Braga,2
2019-02-08,2.51,Braga,2
2019-02-09,2.73,Braga,2
2019-02-10,2.65,Braga,2
2019-02-11,2.83,Braga,2
2019-02-12,2.92,Braga,2
2019-02-13,3.11,Braga,2
2019-02-14,3.25,Braga,2
2019-02-15,2.76,Braga,2
2019-02-16,2.43,Braga,2
2019-02-17,2.75,Braga,2
2019-02-18,2.23,Braga,2
2019-02-19,2.73,Braga,2
2019-02-20,2.77,Braga,2
2019-02-21,3.1,Braga,2
2019-02-22,3.36,Braga,2
2019-02-23,3.44,Braga,2
2019-02-24,3.79,Braga,2
2019-02-25,3.89,Braga,2
2019-02-26,4.08,Braga,2
2019-02-27,3.12,Braga,2
2019-02-28,3.53,Braga,2
2019-03-01,3.94,Braga,3
2019-03-02,4.1,Braga,3
2019-03-03,4.01,Braga,3
2019-03-04,3.92,Braga,3
2019-03-05,3.64,Braga,3
2019-03-06,3.13,Braga,3
2019-03-07,3.11,Braga,3
2019-03-08,4.76,Braga,3
2019-03-09,5.27,Braga,3
2019-03-10,5.06,Braga,3
2019-03-11,5.27,Braga,3
2019-03-12,5.29,Braga,3
2019-03-13,3.77,Braga,3
2019-03-14,4.49,Braga,3
2019-03-15,5.11,Braga,3
2019-03-16,4.92,Braga,3
2019-03-17,4.16,Braga,3
2019-03-18,5.37,Braga,3
2019-03-19,5.38,Braga,3
2019-03-20,5.5,Braga,3
2019-03-21,5.16,Braga,3
2019-03-22,4.74,Braga,3
2019-03-23,4.73,Braga,3
2019-03-24,4.52,Braga,3
2019-03-25,4.33,Braga,3
2019-03-26,4.66,Braga,3
2019-03-27,5.07,Braga,3
2019-03-28,5.22,Braga,3
2019-03-29,5.21,Braga,3
2019-03-30,4.79,Braga,3
2019-03-31,5.08,Braga,3
2019-04-01,4.32,Braga,4
2019-04-02,4.5,Braga,4
2019-04-03,5.22,Braga,4
2019-04-04,5.62,Braga,4
2019-04-05,4.27,Braga,4
2019-04-06,4.41,Braga,4
2019-04-07,5.87,Braga,4
2019-04-08,5.48,Braga,4
2019-04-09,4.89,Braga,4
2019-04-10,5.3,Braga,4
2019-04-11,5.68,Braga,4
2019-04-12,5.91,Braga,4
2019-04-13,6.87,Braga,4
2019-04-14,7.23,Braga,4
2019-04-15,5.09,Braga,4
2019-04-16,6.13,Braga,4
2019-04-17,5.47,Braga,4
2019-04-18,5.0,Braga,4
2019-04-19,5.38,Braga,4
2019-04-20,6.16,Braga,4
2019-04-21,6.34,Braga,4
2019-04-22,6.58,Braga,4
2019-04-23,5.03,Braga,4
2019-04-24,5.8,Braga,4
2019-04-25,5.44,Braga,4
2019-04-26,6.9,Braga,4
2019-04-27,7.4,Braga,4
2019-04-28,7.64,Braga,4
2019-04-29,7.45,Braga,4
2019-04-30,7.16,Braga,4
2019-05-01,7.17,Braga,5
2019-05-02,6.77,Braga,5
2019-05-03,6.73,Braga,5
2019-05-04,7.28,Braga,5
2019-05-05,6.91,Braga,5
2019-05-06,6.64,Braga,5
2019-05-07,6.9,Braga,5
2019-05-08,6.84,Braga,5
2019-05-09,7.94,Braga,5
2019-05-10,7.99,Braga,5
2019-05-11,8.23,Braga,5
2019-05-12,8.25,Braga,5
2019-05-13,8.87,Braga,5
2019-05-14,8.38,Braga,5
2019-05-15,8.76,Braga,5
2019-05-16,6.89,Braga,5
2019-05-17,7.09,Braga,5
2019-05-18,6.85,Braga,5
2019-05-19,7.6,Braga,5
2019-05-20,7.87,Braga,5
2019-05-21,8.7,Braga,5
2019-05-22,8.66,Braga,5
2019-05-23,8.76,Braga,5
2019-05-24,9.01,Braga,5
2019-05-25,9.42,Braga,5
2019-05-26,8.48,Braga,5
2019-05-27,7.73,Braga,5
2019-05-28,7.97,Braga,5
2019-05-29,7.98,Braga,5
2019-05-30,8.56,Braga,5
2019-05-31,9.2,Braga,5
2019-06-01,9.22,Braga,6
2019-06-03,8.16,Braga,6
2019-06-04,8.03,Braga,6
2019-06-05,7.48,Braga,6
2019-06-06,7.31,Braga,6
2019-06-07,7.68,Braga,6
2019-06-08,7.42,Braga,6
2019-06-09,7.02,Braga,6
2019-06-10,7.82,Braga,6
2019-06-11,7.46,Braga,6
2019-06-12,7.0,Braga,6
2019-06-13,7.56,Braga,6
2019-06-14,7.25,Braga,6
2019-06-15,8.19,Braga,6
2019-06-16,8.25,Braga,6
2019-06-17,9.1,Braga,6
2019-06-18,8.42,Braga,6
2019-06-19,8.6,Braga,6
2019-06-20,8.01,Braga,6
2019-06-21,7.99,Braga,6
2019-06-22,8.66,Braga,6
2019-06-23,8.21,Braga,6
2019-06-24,7.66,Braga,6
2019-06-25,8.4,Braga,6
2019-06-26,8.3,Braga,6
2019-06-27,8.94,Braga,6
2019-06-28,9.5,Braga,6
2019-06-29,10.16,Braga,6
2019-06-30,9.97,Braga,6
2019-07-01,9.04,Braga,7
2019-07-02,9.08,Braga,7
2019-07-03,8.64,Braga,7
2019-07-04,8.0,Braga,7
2019-07-05,8.16,Braga,7
2019-07-06,8.28,Braga,7
2019-07-07,8.04,Braga,7
2019-07-08,8.12,Braga,7
2019-07-09,8.74,Braga,7
2019-07-10,8.78,Braga,7
2019-07-11,9.43,Braga,7
2019-07-12,9.28,Braga,7
2019-07-13,7.96,Braga,7
2019-07-14,9.16,Braga,7
2019-07-15,8.91,Braga,7
2019-07-16,9.08,Braga,7
2019-07-17,9.12,Braga,7
2019-07-18,8.84,Braga,7
2019-07-19,8.78,Braga,7
2019-07-20,8.58,Braga,7
2019-07-21,8.65,Braga,7
2019-07-22,8.81,Braga,7
2019-07-23,9.19,Braga,7
2019-07-24,9.02,Braga,7
2019-07-25,9.24,Braga,7
2019-07-26,9.39,Braga,7
2019-07-27,9.15,Braga,7
2019-07-28,9.01,Braga,7
2019-07-29,8.33,Braga,7
2019-07-30,7.63,Braga,7
2019-07-31,8.05,Braga,7
2019-08-01,8.1,Braga,8
2019-08-02,8.2,Braga,8
2019-08-03,8.09,Braga,8
2019-08-04,8.43,Braga,8
2019-08-05,8.18,Braga,8
2019-08-06,8.23,Braga,8
2019-08-07,7.92,Braga,8
2019-08-08,8.53,Braga,8
2019-08-09,7.81,Braga,8
2019-08-10,7.73,Braga,8
2019-08-11,6.83,Braga,8
2019-08-12,7.59,Braga,8
2019-08-14,8.76,Braga,8
2019-08-15,8.97,Braga,8
2019-08-16,8.57,Braga,8
2019-08-17,8.27,Braga,8
2019-08-18,7.9,Braga,8
2019-08-19,8.0,Braga,8
2019-08-20,6.84,Braga,8
2019-08-21,7.12,Braga,8
2019-08-22,7.36,Braga,8
2019-08-23,7.68,Braga,8
2019-08-24,7.59,Braga,8
2019-08-25,6.89,Braga,8
2019-08-26,7.05,Braga,8
2019-08-27,7.42,Braga,8
2019-08-28,7.57,Braga,8
2019-08-29,6.9,Braga,8
2019-08-30,7.0,Braga,8
2019-08-31,7.19,Braga,8
2019-09-01,7.36,Braga,9
2019-09-02,7.43,Braga,9
2019-09-03,7.76,Braga,9
2019-09-04,7.33,Braga,9
2019-09-05,6.34,Braga,9
2019-09-06,6.49,Braga,9
2019-09-07,6.16,Braga,9
2019-09-08,6.09,Braga,9
2019-09-09,6.04,Braga,9
2019-09-10,6.25,Braga,9
2019-09-11,6.77,Braga,9
2019-09-12,6.43,Braga,9
2019-09-13,5.98,Braga,9
2019-09-14,5.9,Braga,9
2019-09-15,6.04,Braga,9
2019-09-16,5.86,Braga,9
2019-09-17,6.15,Braga,9
2019-09-18,5.73,Braga,9
2019-09-19,5.83,Braga,9
2019-09-20,5.74,Braga,9
2019-09-21,5.86,Braga,9
2019-09-22,5.19,Braga,9
2019-09-23,5.89,Braga,9
2019-09-24,5.49,Braga,9
2019-09-25,5.85,Braga,9
2019-09-26,5.62,Braga,9
2019-09-27,5.5,Braga,9
2019-09-28,5.27,Braga,9
2019-09-29,5.08,Braga,9
2019-09-30,5.17,Braga,9
2019-10-01,5.12,Braga,10
2019-10-02,5.43,Braga,10
2019-10-03,5.34,Braga,10
2019-10-04,4.89,Braga,10
2019-10-05,5.06,Braga,10
2019-10-06,5.34,Braga,10
2019-10-07,5.39,Braga,10
2019-10-08,5.23,Braga,10
2019-10-09,4.82,Braga,10
2019-10-10,4.29,Braga,10
2019-10-11,4.3,Braga,10
2019-10-12,4.35,Braga,10
2019-10-13,3.98,Braga,10
2019-10-14,3.1,Braga,10
2019-10-15,3.56,Braga,10
2019-10-16,3.41,Braga,10
2019-10-17,3.33,Braga,10
2019-10-18,3.42,Braga,10
2019-10-19,3.09,Braga,10
2019-10-20,2.83,Braga,10
2019-10-21,2.63,Braga,10
2019-10-22,2.69,Braga,10
2019-10-23,2.79,Braga,10
2019-10-24,2.92,Braga,10
2019-10-25,2.99,Braga,10
2019-10-26,3.11,Braga,10
2019-10-27,3.07,Braga,10
2019-10-28,2.93,Braga,10
2019-10-29,3.0,Braga,10
2019-10-30,3.04,Braga,10
2019-10-31,2.91,Braga,10
2019-11-01,2.87,Braga,11
2019-11-02,2.52,Braga,11
2019-11-03,2.53,Braga,11
2019-11-04,2.5,Braga,11
2019-11-05,2.11,Braga,11
2019-11-06,2.25,Braga,11
2019-11-07,1.88,Braga,11
2019-11-08,1.92,Braga,11
2019-11-09,1.83,Braga,11
2019-11-10,1.88,Braga,11
2019-11-11,2.01,Braga,11
2019-11-12,1.88,Braga,11
2019-11-13,1.75,Braga,11
2019-11-14,1.39,Braga,11
2019-11-15,1.31,Braga,11
2019-11-16,1.57,Braga,11
2019-11-17,1.52,Braga,11
2019-11-18,1.59,Braga,11
2019-11-19,1.55,Braga,11
2019-11-20,1.4,Braga,11
2019-11-21,1.42,Braga,11
2019-11-22,1.42,Braga,11
2019-11-23,1.56,Braga,11
2019-11-24,1.77,Braga,11
2019-11-25,1.96,Braga,11
2019-11-26,1.75,Braga,11
2019-11-27,1.73,Braga,11
2019-11-28,1.7,Braga,11
2019-11-29,1.71,Braga,11
2019-11-30,1.55,Braga,11
2019-12-01,1.43,Braga,12
2019-12-02,1.47,Braga,12
2019-12-03,1.53,Braga,12
2019-12-04,1.38,Braga,12
2019-12-05,1.27,Braga,12
2019-12-06,1.23,Braga,12
2019-12-07,1.27,Braga,12
2019-12-08,1.32,Braga,12
2019-12-09,1.29,Braga,12
2019-12-10,1.36,Braga,12
2019-12-11,1.18,Braga,12
2019-12-12,1.21,Braga,12
2019-12-13,1.32,Braga,12
2019-12-14,1.17,Braga,12
2019-12-15,1.18,Braga,12
2019-12-16,1.12,Braga,12
2019-12-17,1.09,Braga,12
2019-12-18,1.11,Braga,12
2019-12-19,1.08,Braga,12
2019-12-20,1.12,Braga,12
2019-12-21,1.27,Braga,12
2019-12-22,1.32,Braga,12
2019-12-23,1.32,Braga,12
2019-12-24,1.28,Braga,12
2019-12-25,1.24,Braga,12
2019-12-26,1.07,Braga,12
2019-12-27,1.11,Braga,12
2019-12-28,1.17,Braga,12
2019-12-29,1.24,Braga,12
2019-12-30,1.29,Braga,12
2019-12-31,1.3,Braga,12
2020-01-01,1.26,Braga,1
2020-01-02,1.21,Braga,1
2020-01-03,1.18,Braga,1
2020-01-04,1.26,Braga,1
2020-01-05,1.3,Braga,1
2020-01-06,1.33,Braga,1
2020-01-07,1.25,Braga,1
2020-01-08,1.29,Braga,1
2020-01-09,1.3,Braga,1
2020-01-10,1.35,Braga,1
2020-01-11,1.46,Braga,1
2020-01-12,1.48,Braga,1
2020-01-13,1.37,Braga,1
2020-01-14,1.38,Braga,1
2020-01-15,1.32,Braga,1
2020-01-16,1.37,Braga,1
2020-01-17,1.34,Braga,1
2020-01-18,1.32,Braga,1
2020-01-19,1.33,Braga,1
2020-01-20,1.32,Braga,1
2020-01-21,1.26,Braga,1
2020-01-22,1.2,Braga,1
2020-01-23,1.28,Braga,1
2020-01-24,1.49,Braga,1
2020-01-25,1.5,Braga,1
2020-01-26,1.64,Braga,1
2020-01-27,1.54,Braga,1
2020-01-28,1.67,Braga,1
2020-01-29,1.87,Braga,1
2020-01-30,1.88,Braga,1
2020-01-31,1.94,Braga,1
2020-02-01,2.07,Braga,2
2020-02-02,2.11,Braga,2
2020-02-03,2.19,Braga,2
2020-02-04,2.23,Braga,2
2020-02-05,2.28,Braga,2
2020-02-06,2.18,Braga,2
2020-02-07,2.16,Braga,2
2020-02-08,2.07,Braga,2
2020-02-09,2.49,Braga,2
2020-02-10,3.16,Braga,2
2020-02-11,2.67,Braga,2
2020-02-12,2.72,Braga,2
2020-02-13,2.56,Braga,2
2020-02-14,2.73,Braga,2
2020-02-15,2.74,Braga,2
2020-02-16,2.89,Braga,2
2020-02-17,2.46,Braga,2
2020-02-19,2.91,Braga,2
2020-02-20,3.09,Braga,2
2020-02-22,3.0,Braga,2
2020-02-23,3.31,Braga,2
2020-02-24,3.1,Braga,2
2020-02-25,2.83,Braga,2
2020-02-26,3.25,Braga,2
2020-02-27,3.71,Braga,2
2020-02-28,3.49,Braga,2
2020-02-29,3.14,Braga,2
2020-03-01,3.33,Braga,3
2020-03-02,3.32,Braga,3
2020-03-03,4.05,Braga,3
2020-03-04,4.35,Braga,3
2020-03-05,3.87,Braga,3
2020-03-06,3.79,Braga,3
2020-03-07,3.82,Braga,3
2020-03-08,3.94,Braga,3
2020-03-09,4.14,Braga,3
2020-03-10,4.69,Braga,3
2020-03-11,4.37,Braga,3
2020-03-12,4.33,Braga,3
2020-03-13,4.19,Braga,3
2020-03-14,4.0,Braga,3
2020-03-15,3.83,Braga,3
2020-03-16,3.84,Braga,3
2020-03-17,4.14,Braga,3
2020-03-18,4.25,Braga,3
2020-03-19,4.63,Braga,3
2020-03-20,4.56,Braga,3
2020-03-21,4.38,Braga,3
2020-03-22,4.3,Braga,3
2020-03-23,4.3,Braga,3
2020-03-24,4.37,Braga,3
2020-03-25,4.98,Braga,3
2020-03-26,5.01,Braga,3
2020-03-27,5.02,Braga,3
2020-03-28,4.81,Braga,3
2020-03-29,4.77,Braga,3
2020-03-30,4.5,Braga,3
